,CVM-RBF,Linear-SGD-SVM,RBF-Sampler-SGD-SVM
CVM-RBF,1.0,-0.40416058053008397,-0.5722744560791763
Linear-SGD-SVM,-0.40416058053008397,1.0,0.829187495775686
RBF-Sampler-SGD-SVM,-0.5722744560791763,0.829187495775686,1.0
